dataset,k,rr_subgraph,bound_fraction,relative_decay,ks_d
facebook,2,0.145363,0.290727,1.0,0.052005
facebook,5,0.030702,0.153509,0.211207,0.274436
facebook,10,0.036967,0.369674,0.25431,0.822682
facebook,20,0.0,0.0,0.0,0.93609
enron,2,0.12411,0.248219,1.0,0.038244
enron,5,0.102386,0.51193,0.824964,0.027273
enron,10,0.078743,0.787433,0.634465,0.038659
enron,20,0.05694,1.13881,0.458792,0.130253
